日期,節氣,年柱,年屬性,月柱,月屬性,日柱,日屬性,年星,年星五行,月星,月星五行,日星,日星五行
2025-01-01,,甲辰,陽木陽土,甲子,陽木陽水,庚午,陽金陽火,三碧,木,四綠,木,七赤,金
2025-01-02,,甲辰,陽木陽土,甲子,陽木陽水,辛未,陰金陰土,三碧,木,四綠,木,八白,土
2025-01-03,,甲辰,陽木陽土,甲子,陽木陽水,壬申,陽水陽金,三碧,木,四綠,木,九紫,火
2025-01-04,,甲辰,陽木陽土,甲子,陽木陽水,癸酉,陰水陰金,三碧,木,四綠,木,一白,水
2025-01-05,,甲辰,陽木陽土,甲子,陽木陽水,甲戌,陽木陽土,三碧,木,四綠,木,二黑,土
2025-01-06,小寒,甲辰,陽木陽土,乙丑,陰木陰土,乙亥,陰木陰水,三碧,木,三碧,木,三碧,木
2025-01-07,,甲辰,陽木陽土,乙丑,陰木陰土,丙子,陽火陽水,三碧,木,三碧,木,四綠,木
2025-01-08,,甲辰,陽木陽土,乙丑,陰木陰土,丁丑,陰火陰土,三碧,木,三碧,木,五黃,土
2025-01-09,,甲辰,陽木陽土,乙丑,陰木陰土,戊寅,陽土陽木,三碧,木,三碧,木,六白,金
2025-01-10,,甲辰,陽木陽土,乙丑,陰木陰土,己卯,陰土陰木,三碧,木,三碧,木,七赤,金
2025-01-11,,甲辰,陽木陽土,乙丑,陰木陰土,庚辰,陽金陽土,三碧,木,三碧,木,八白,土
2025-01-12,,甲辰,陽木陽土,乙丑,陰木陰土,辛巳,陰金陰火,三碧,木,三碧,木,九紫,火
2025-01-13,,甲辰,陽木陽土,乙丑,陰木陰土,壬午,陽水陽火,三碧,木,三碧,木,一白,水
2025-01-14,,甲辰,陽木陽土,乙丑,陰木陰土,癸未,陰水陰土,三碧,木,三碧,木,二黑,土
2025-01-15,,甲辰,陽木陽土,乙丑,陰木陰土,甲申,陽木陽金,三碧,木,三碧,木,三碧,木
2025-01-16,,甲辰,陽木陽土,乙丑,陰木陰土,乙酉,陰木陰金,三碧,木,三碧,木,四綠,木
2025-01-17,,甲辰,陽木陽土,乙丑,陰木陰土,丙戌,陽火陽土,三碧,木,三碧,木,五黃,土
2025-01-18,,甲辰,陽木陽土,乙丑,陰木陰土,丁亥,陰火陰水,三碧,木,三碧,木,六白,金
2025-01-19,,甲辰,陽木陽土,乙丑,陰木陰土,戊子,陽土陽水,三碧,木,三碧,木,七赤,金
2025-01-20,,甲辰,陽木陽土,乙丑,陰木陰土,己丑,陰土陰土,三碧,木,三碧,木,八白,土
2025-01-21,大寒,甲辰,陽木陽土,乙丑,陰木陰土,庚寅,陽金陽木,三碧,木,三碧,木,九紫,火
2025-01-22,,甲辰,陽木陽土,乙丑,陰木陰土,辛卯,陰金陰木,三碧,木,三碧,木,一白,水
2025-01-23,,甲辰,陽木陽土,乙丑,陰木陰土,壬辰,陽水陽土,三碧,木,三碧,木,二黑,土
2025-01-24,,甲辰,陽木陽土,乙丑,陰木陰土,癸巳,陰水陰火,三碧,木,三碧,木,三碧,木
2025-01-25,,甲辰,陽木陽土,乙丑,陰木陰土,甲午,陽木陽火,三碧,木,三碧,木,四綠,木
2025-01-26,,甲辰,陽木陽土,乙丑,陰木陰土,乙未,陰木陰土,三碧,木,三碧,木,五黃,土
2025-01-27,,甲辰,陽木陽土,乙丑,陰木陰土,丙申,陽火陽金,三碧,木,三碧,木,六白,金
2025-01-28,,甲辰,陽木陽土,乙丑,陰木陰土,丁酉,陰火陰金,三碧,木,三碧,木,七赤,金
2025-01-29,,甲辰,陽木陽土,乙丑,陰木陰土,戊戌,陽土陽土,三碧,木,三碧,木,八白,土
2025-01-30,,甲辰,陽木陽土,乙丑,陰木陰土,己亥,陰土陰水,三碧,木,三碧,木,九紫,火
2025-01-31,,甲辰,陽木陽土,乙丑,陰木陰土,庚子,陽金陽水,三碧,木,三碧,木,一白,水
2025-02-01,,甲辰,陽木陽土,乙丑,陰木陰土,辛丑,陰金陰土,三碧,木,三碧,木,二黑,土
2025-02-02,,甲辰,陽木陽土,乙丑,陰木陰土,壬寅,陽水陽木,三碧,木,三碧,木,三碧,木
2025-02-03,,甲辰,陽木陽土,乙丑,陰木陰土,癸卯,陰水陰木,三碧,木,三碧,木,四綠,木
2025-02-04,立春,乙巳,陰木陰火,丙寅,陽火陽木,甲辰,陽木陽土,二黑,土,二黑,土,五黃,土
2025-02-05,,乙巳,陰木陰火,丙寅,陽火陽木,乙巳,陰木陰火,二黑,土,二黑,土,六白,金
2025-02-06,,乙巳,陰木陰火,丙寅,陽火陽木,丙午,陽火陽火,二黑,土,二黑,土,七赤,金
2025-02-07,,乙巳,陰木陰火,丙寅,陽火陽木,丁未,陰火陰土,二黑,土,二黑,土,八白,土
2025-02-08,,乙巳,陰木陰火,丙寅,陽火陽木,戊申,陽土陽金,二黑,土,二黑,土,九紫,火
2025-02-09,,乙巳,陰木陰火,丙寅,陽火陽木,己酉,陰土陰金,二黑,土,二黑,土,一白,水
2025-02-10,,乙巳,陰木陰火,丙寅,陽火陽木,庚戌,陽金陽土,二黑,土,二黑,土,二黑,土
2025-02-11,,乙巳,陰木陰火,丙寅,陽火陽木,辛亥,陰金陰水,二黑,土,二黑,土,三碧,木
2025-02-12,,乙巳,陰木陰火,丙寅,陽火陽木,壬子,陽水陽水,二黑,土,二黑,土,四綠,木
2025-02-13,,乙巳,陰木陰火,丙寅,陽火陽木,癸丑,陰水陰土,二黑,土,二黑,土,五黃,土
2025-02-14,,乙巳,陰木陰火,丙寅,陽火陽木,甲寅,陽木陽木,二黑,土,二黑,土,六白,金
2025-02-15,,乙巳,陰木陰火,丙寅,陽火陽木,乙卯,陰木陰木,二黑,土,二黑,土,七赤,金
2025-02-16,,乙巳,陰木陰火,丙寅,陽火陽木,丙辰,陽火陽土,二黑,土,二黑,土,八白,土
2025-02-17,,乙巳,陰木陰火,丙寅,陽火陽木,丁巳,陰火陰火,二黑,土,二黑,土,九紫,火
2025-02-18,,乙巳,陰木陰火,丙寅,陽火陽木,戊午,陽土陽火,二黑,土,二黑,土,一白,水
2025-02-19,雨水,乙巳,陰木陰火,丙寅,陽火陽木,己未,陰土陰土,二黑,土,二黑,土,二黑,土
2025-02-20,,乙巳,陰木陰火,丙寅,陽火陽木,庚申,陽金陽金,二黑,土,二黑,土,三碧,木
2025-02-21,,乙巳,陰木陰火,丙寅,陽火陽木,辛酉,陰金陰金,二黑,土,二黑,土,四綠,木
2025-02-22,,乙巳,陰木陰火,丙寅,陽火陽木,壬戌,陽水陽土,二黑,土,二黑,土,五黃,土
2025-02-23,,乙巳,陰木陰火,丙寅,陽火陽木,癸亥,陰水陰水,二黑,土,二黑,土,六白,金
2025-02-24,,乙巳,陰木陰火,丙寅,陽火陽木,甲子,陽木陽水,二黑,土,二黑,土,七赤,金
2025-02-25,,乙巳,陰木陰火,丙寅,陽火陽木,乙丑,陰木陰土,二黑,土,二黑,土,八白,土
2025-02-26,,乙巳,陰木陰火,丙寅,陽火陽木,丙寅,陽火陽木,二黑,土,二黑,土,九紫,火
2025-02-27,,乙巳,陰木陰火,丙寅,陽火陽木,丁卯,陰火陰木,二黑,土,二黑,土,一白,水
2025-02-28,,乙巳,陰木陰火,丙寅,陽火陽木,戊辰,陽土陽土,二黑,土,二黑,土,二黑,土
2025-03-01,,乙巳,陰木陰火,丙寅,陽火陽木,己巳,陰土陰火,二黑,土,二黑,土,三碧,木
2025-03-02,,乙巳,陰木陰火,丙寅,陽火陽木,庚午,陽金陽火,二黑,土,二黑,土,四綠,木
2025-03-03,,乙巳,陰木陰火,丙寅,陽火陽木,辛未,陰金陰土,二黑,土,二黑,土,五黃,土
2025-03-04,,乙巳,陰木陰火,丙寅,陽火陽木,壬申,陽水陽金,二黑,土,二黑,土,六白,金
2025-03-05,,乙巳,陰木陰火,丙寅,陽火陽木,癸酉,陰水陰金,二黑,土,二黑,土,七赤,金
2025-03-06,驚蟄,乙巳,陰木陰火,丁卯,陰火陰木,甲戌,陽木陽土,二黑,土,一白,水,八白,土
2025-03-07,,乙巳,陰木陰火,丁卯,陰火陰木,乙亥,陰木陰水,二黑,土,一白,水,九紫,火
2025-03-08,,乙巳,陰木陰火,丁卯,陰火陰木,丙子,陽火陽水,二黑,土,一白,水,一白,水
2025-03-09,,乙巳,陰木陰火,丁卯,陰火陰木,丁丑,陰火陰土,二黑,土,一白,水,二黑,土
2025-03-10,,乙巳,陰木陰火,丁卯,陰火陰木,戊寅,陽土陽木,二黑,土,一白,水,三碧,木
2025-03-11,,乙巳,陰木陰火,丁卯,陰火陰木,己卯,陰土陰木,二黑,土,一白,水,四綠,木
2025-03-12,,乙巳,陰木陰火,丁卯,陰火陰木,庚辰,陽金陽土,二黑,土,一白,水,五黃,土
2025-03-13,,乙巳,陰木陰火,丁卯,陰火陰木,辛巳,陰金陰火,二黑,土,一白,水,六白,金
2025-03-14,,乙巳,陰木陰火,丁卯,陰火陰木,壬午,陽水陽火,二黑,土,一白,水,七赤,金
2025-03-15,,乙巳,陰木陰火,丁卯,陰火陰木,癸未,陰水陰土,二黑,土,一白,水,八白,土
2025-03-16,,乙巳,陰木陰火,丁卯,陰火陰木,甲申,陽木陽金,二黑,土,一白,水,九紫,火
2025-03-17,,乙巳,陰木陰火,丁卯,陰火陰木,乙酉,陰木陰金,二黑,土,一白,水,一白,水
2025-03-18,,乙巳,陰木陰火,丁卯,陰火陰木,丙戌,陽火陽土,二黑,土,一白,水,二黑,土
2025-03-19,,乙巳,陰木陰火,丁卯,陰火陰木,丁亥,陰火陰水,二黑,土,一白,水,三碧,木
2025-03-20,,乙巳,陰木陰火,丁卯,陰火陰木,戊子,陽土陽水,二黑,土,一白,水,四綠,木
2025-03-21,春分,甲辰,陽木陽土,乙卯,陰木陰木,己丑,陰土陰土,三碧,木,四綠,木,五黃,土
2025-03-22,,甲辰,陽木陽土,乙卯,陰木陰木,庚寅,陽金陽木,三碧,木,四綠,木,六白,金
2025-03-23,,甲辰,陽木陽土,乙卯,陰木陰木,辛卯,陰金陰木,三碧,木,四綠,木,七赤,金
2025-03-24,,甲辰,陽木陽土,乙卯,陰木陰木,壬辰,陽水陽土,三碧,木,四綠,木,八白,土
2025-03-25,,甲辰,陽木陽土,乙卯,陰木陰木,癸巳,陰水陰火,三碧,木,四綠,木,九紫,火
2025-03-26,,甲辰,陽木陽土,乙卯,陰木陰木,甲午,陽木陽火,三碧,木,四綠,木,一白,水
2025-03-27,,甲辰,陽木陽土,乙卯,陰木陰木,乙未,陰木陰土,三碧,木,四綠,木,二黑,土
2025-03-28,,甲辰,陽木陽土,乙卯,陰木陰木,丙申,陽火陽金,三碧,木,四綠,木,三碧,木
2025-03-29,,甲辰,陽木陽土,乙卯,陰木陰木,丁酉,陰火陰金,三碧,木,四綠,木,四綠,木
2025-03-30,,甲辰,陽木陽土,乙卯,陰木陰木,戊戌,陽土陽土,三碧,木,四綠,木,五黃,土
2025-03-31,,甲辰,陽木陽土,乙卯,陰木陰木,己亥,陰土陰水,三碧,木,四綠,木,六白,金
2025-04-01,,乙巳,陰木陰火,丁卯,陰火陰木,庚子,陽金陽水,二黑,土,一白,水,七赤,金
2025-04-02,,乙巳,陰木陰火,丁卯,陰火陰木,辛丑,陰金陰土,二黑,土,一白,水,八白,土
2025-04-03,,乙巳,陰木陰火,丁卯,陰火陰木,壬寅,陽水陽木,二黑,土,一白,水,九紫,火
2025-04-04,,乙巳,陰木陰火,丁卯,陰火陰木,癸卯,陰水陰木,二黑,土,一白,水,一白,水
2025-04-05,清明,乙巳,陰木陰火,戊辰,陽土陽土,甲辰,陽木陽土,二黑,土,九紫,火,二黑,土
2025-04-06,,乙巳,陰木陰火,戊辰,陽土陽土,乙巳,陰木陰火,二黑,土,九紫,火,三碧,木
2025-04-07,,乙巳,陰木陰火,戊辰,陽土陽土,丙午,陽火陽火,二黑,土,九紫,火,四綠,木
2025-04-08,,乙巳,陰木陰火,戊辰,陽土陽土,丁未,陰火陰土,二黑,土,九紫,火,五黃,土
2025-04-09,,乙巳,陰木陰火,戊辰,陽土陽土,戊申,陽土陽金,二黑,土,九紫,火,六白,金
2025-04-10,,乙巳,陰木陰火,戊辰,陽土陽土,己酉,陰土陰金,二黑,土,九紫,火,七赤,金
2025-04-11,,乙巳,陰木陰火,戊辰,陽土陽土,庚戌,陽金陽土,二黑,土,九紫,火,八白,土
2025-04-12,,乙巳,陰木陰火,戊辰,陽土陽土,辛亥,陰金陰水,二黑,土,九紫,火,九紫,火
2025-04-13,,乙巳,陰木陰火,戊辰,陽土陽土,壬子,陽水陽水,二黑,土,九紫,火,一白,水
2025-04-14,,乙巳,陰木陰火,戊辰,陽土陽土,癸丑,陰水陰土,二黑,土,九紫,火,二黑,土
2025-04-15,,乙巳,陰木陰火,戊辰,陽土陽土,甲寅,陽木陽木,二黑,土,九紫,火,三碧,木
2025-04-16,,乙巳,陰木陰火,戊辰,陽土陽土,乙卯,陰木陰木,二黑,土,九紫,火,四綠,木
2025-04-17,,乙巳,陰木陰火,戊辰,陽土陽土,丙辰,陽火陽土,二黑,土,九紫,火,五黃,土
2025-04-18,,乙巳,陰木陰火,戊辰,陽土陽土,丁巳,陰火陰火,二黑,土,九紫,火,六白,金
2025-04-19,,乙巳,陰木陰火,戊辰,陽土陽土,戊午,陽土陽火,二黑,土,九紫,火,七赤,金
2025-04-20,,乙巳,陰木陰火,戊辰,陽土陽土,己未,陰土陰土,二黑,土,九紫,火,八白,土
2025-04-21,穀雨,乙巳,陰木陰火,戊辰,陽土陽土,庚申,陽金陽金,二黑,土,九紫,火,九紫,火
2025-04-22,,乙巳,陰木陰火,戊辰,陽土陽土,辛酉,陰金陰金,二黑,土,九紫,火,一白,水
2025-04-23,,乙巳,陰木陰火,戊辰,陽土陽土,壬戌,陽水陽土,二黑,土,九紫,火,二黑,土
2025-04-24,,乙巳,陰木陰火,戊辰,陽土陽土,癸亥,陰水陰水,二黑,土,九紫,火,三碧,木
2025-04-25,,乙巳,陰木陰火,戊辰,陽土陽土,甲子,陽木陽水,二黑,土,九紫,火,四綠,木
2025-04-26,,乙巳,陰木陰火,戊辰,陽土陽土,乙丑,陰木陰土,二黑,土,九紫,火,五黃,土
2025-04-27,,乙巳,陰木陰火,戊辰,陽土陽土,丙寅,陽火陽木,二黑,土,九紫,火,六白,金
2025-04-28,,乙巳,陰木陰火,戊辰,陽土陽土,丁卯,陰火陰木,二黑,土,九紫,火,七赤,金
2025-04-29,,乙巳,陰木陰火,戊辰,陽土陽土,戊辰,陽土陽土,二黑,土,九紫,火,八白,土
2025-04-30,,乙巳,陰木陰火,戊辰,陽土陽土,己巳,陰土陰火,二黑,土,九紫,火,九紫,火
2025-05-01,,乙巳,陰木陰火,戊辰,陽土陽土,庚午,陽金陽火,二黑,土,九紫,火,一白,水
2025-05-02,,乙巳,陰木陰火,戊辰,陽土陽土,辛未,陰金陰土,二黑,土,九紫,火,二黑,土
2025-05-03,,乙巳,陰木陰火,戊辰,陽土陽土,壬申,陽水陽金,二黑,土,九紫,火,三碧,木
2025-05-04,,乙巳,陰木陰火,戊辰,陽土陽土,癸酉,陰水陰金,二黑,土,九紫,火,四綠,木
2025-05-05,,乙巳,陰木陰火,戊辰,陽土陽土,甲戌,陽木陽土,二黑,土,九紫,火,五黃,土
2025-05-06,立夏,乙巳,陰木陰火,己巳,陰土陰火,乙亥,陰木陰水,二黑,土,八白,土,六白,金
2025-05-07,,乙巳,陰木陰火,己巳,陰土陰火,丙子,陽火陽水,二黑,土,八白,土,七赤,金
2025-05-08,,乙巳,陰木陰火,己巳,陰土陰火,丁丑,陰火陰土,二黑,土,八白,土,八白,土
2025-05-09,,乙巳,陰木陰火,己巳,陰土陰火,戊寅,陽土陽木,二黑,土,八白,土,九紫,火
2025-05-10,,乙巳,陰木陰火,己巳,陰土陰火,己卯,陰土陰木,二黑,土,八白,土,一白,水
2025-05-11,,乙巳,陰木陰火,己巳,陰土陰火,庚辰,陽金陽土,二黑,土,八白,土,二黑,土
2025-05-12,,乙巳,陰木陰火,己巳,陰土陰火,辛巳,陰金陰火,二黑,土,八白,土,三碧,木
2025-05-13,,乙巳,陰木陰火,己巳,陰土陰火,壬午,陽水陽火,二黑,土,八白,土,四綠,木
2025-05-14,,乙巳,陰木陰火,己巳,陰土陰火,癸未,陰水陰土,二黑,土,八白,土,五黃,土
2025-05-15,,乙巳,陰木陰火,己巳,陰土陰火,甲申,陽木陽金,二黑,土,八白,土,六白,金
2025-05-16,,乙巳,陰木陰火,己巳,陰土陰火,乙酉,陰木陰金,二黑,土,八白,土,七赤,金
2025-05-17,,乙巳,陰木陰火,己巳,陰土陰火,丙戌,陽火陽土,二黑,土,八白,土,八白,土
2025-05-18,,乙巳,陰木陰火,己巳,陰土陰火,丁亥,陰火陰水,二黑,土,八白,土,九紫,火
2025-05-19,,乙巳,陰木陰火,己巳,陰土陰火,戊子,陽土陽水,二黑,土,八白,土,一白,水
2025-05-20,,乙巳,陰木陰火,己巳,陰土陰火,己丑,陰土陰土,二黑,土,八白,土,二黑,土
2025-05-21,小滿,乙巳,陰木陰火,己巳,陰土陰火,庚寅,陽金陽木,二黑,土,八白,土,三碧,木
2025-05-22,,乙巳,陰木陰火,己巳,陰土陰火,辛卯,陰金陰木,二黑,土,八白,土,四綠,木
2025-05-23,,乙巳,陰木陰火,己巳,陰土陰火,壬辰,陽水陽土,二黑,土,八白,土,五黃,土
2025-05-24,,乙巳,陰木陰火,己巳,陰土陰火,癸巳,陰水陰火,二黑,土,八白,土,六白,金
2025-05-25,,乙巳,陰木陰火,己巳,陰土陰火,甲午,陽木陽火,二黑,土,八白,土,七赤,金
2025-05-26,,乙巳,陰木陰火,己巳,陰土陰火,乙未,陰木陰土,二黑,土,八白,土,八白,土
2025-05-27,,乙巳,陰木陰火,己巳,陰土陰火,丙申,陽火陽金,二黑,土,八白,土,九紫,火
2025-05-28,,乙巳,陰木陰火,己巳,陰土陰火,丁酉,陰火陰金,二黑,土,八白,土,一白,水
2025-05-29,,乙巳,陰木陰火,己巳,陰土陰火,戊戌,陽土陽土,二黑,土,八白,土,二黑,土
2025-05-30,,乙巳,陰木陰火,己巳,陰土陰火,己亥,陰土陰水,二黑,土,八白,土,三碧,木
2025-05-31,,乙巳,陰木陰火,己巳,陰土陰火,庚子,陽金陽水,二黑,土,八白,土,四綠,木
2025-06-01,,乙巳,陰木陰火,己巳,陰土陰火,辛丑,陰金陰土,二黑,土,八白,土,五黃,土
2025-06-02,,乙巳,陰木陰火,己巳,陰土陰火,壬寅,陽水陽木,二黑,土,八白,土,六白,金
2025-06-03,,乙巳,陰木陰火,己巳,陰土陰火,癸卯,陰水陰木,二黑,土,八白,土,七赤,金
2025-06-04,,乙巳,陰木陰火,己巳,陰土陰火,甲辰,陽木陽土,二黑,土,八白,土,八白,土
2025-06-05,,乙巳,陰木陰火,己巳,陰土陰火,乙巳,陰木陰火,二黑,土,八白,土,九紫,火
2025-06-06,芒種,乙巳,陰木陰火,庚午,陽金陽火,丙午,陽火陽火,二黑,土,七赤,金,一白,水
2025-06-07,,乙巳,陰木陰火,庚午,陽金陽火,丁未,陰火陰土,二黑,土,七赤,金,二黑,土
2025-06-08,,乙巳,陰木陰火,庚午,陽金陽火,戊申,陽土陽金,二黑,土,七赤,金,三碧,木
2025-06-09,,乙巳,陰木陰火,庚午,陽金陽火,己酉,陰土陰金,二黑,土,七赤,金,四綠,木
2025-06-10,,乙巳,陰木陰火,庚午,陽金陽火,庚戌,陽金陽土,二黑,土,七赤,金,五黃,土
2025-06-11,,乙巳,陰木陰火,庚午,陽金陽火,辛亥,陰金陰水,二黑,土,七赤,金,六白,金
2025-06-12,,乙巳,陰木陰火,庚午,陽金陽火,壬子,陽水陽水,二黑,土,七赤,金,七赤,金
2025-06-13,,乙巳,陰木陰火,庚午,陽金陽火,癸丑,陰水陰土,二黑,土,七赤,金,八白,土
2025-06-14,,乙巳,陰木陰火,庚午,陽金陽火,甲寅,陽木陽木,二黑,土,七赤,金,九紫,火
2025-06-15,,乙巳,陰木陰火,庚午,陽金陽火,乙卯,陰木陰木,二黑,土,七赤,金,一白,水
2025-06-16,,乙巳,陰木陰火,庚午,陽金陽火,丙辰,陽火陽土,二黑,土,七赤,金,二黑,土
2025-06-17,,乙巳,陰木陰火,庚午,陽金陽火,丁巳,陰火陰火,二黑,土,七赤,金,三碧,木
2025-06-18,,乙巳,陰木陰火,庚午,陽金陽火,戊午,陽土陽火,二黑,土,七赤,金,四綠,木
2025-06-19,,乙巳,陰木陰火,庚午,陽金陽火,己未,陰土陰土,二黑,土,七赤,金,五黃,土
2025-06-20,,乙巳,陰木陰火,庚午,陽金陽火,庚申,陽金陽金,二黑,土,七赤,金,六白,金
2025-06-21,,乙巳,陰木陰火,庚午,陽金陽火,辛酉,陰金陰金,二黑,土,七赤,金,七赤,金
2025-06-22,夏至,乙巳,陰木陰火,庚午,陽金陽火,壬戌,陽水陽土,二黑,土,七赤,金,二黑,土
2025-06-23,,乙巳,陰木陰火,庚午,陽金陽火,癸亥,陰水陰水,二黑,土,七赤,金,一白,水
2025-06-24,,乙巳,陰木陰火,庚午,陽金陽火,甲子,陽木陽水,二黑,土,七赤,金,九紫,火
2025-06-25,,乙巳,陰木陰火,庚午,陽金陽火,乙丑,陰木陰土,二黑,土,七赤,金,八白,土
2025-06-26,,乙巳,陰木陰火,庚午,陽金陽火,丙寅,陽火陽木,二黑,土,七赤,金,七赤,金
2025-06-27,,乙巳,陰木陰火,庚午,陽金陽火,丁卯,陰火陰木,二黑,土,七赤,金,六白,金
2025-06-28,,乙巳,陰木陰火,庚午,陽金陽火,戊辰,陽土陽土,二黑,土,七赤,金,五黃,土
2025-06-29,,乙巳,陰木陰火,庚午,陽金陽火,己巳,陰土陰火,二黑,土,七赤,金,四綠,木
2025-06-30,,乙巳,陰木陰火,庚午,陽金陽火,庚午,陽金陽火,二黑,土,七赤,金,三碧,木
2025-07-01,,乙巳,陰木陰火,庚午,陽金陽火,辛未,陰金陰土,二黑,土,七赤,金,二黑,土
2025-07-02,,乙巳,陰木陰火,庚午,陽金陽火,壬申,陽水陽金,二黑,土,七赤,金,一白,水
2025-07-03,,乙巳,陰木陰火,庚午,陽金陽火,癸酉,陰水陰金,二黑,土,七赤,金,九紫,火
2025-07-04,,乙巳,陰木陰火,庚午,陽金陽火,甲戌,陽木陽土,二黑,土,七赤,金,八白,土
2025-07-05,,乙巳,陰木陰火,庚午,陽金陽火,乙亥,陰木陰水,二黑,土,七赤,金,七赤,金
2025-07-06,,乙巳,陰木陰火,庚午,陽金陽火,丙子,陽火陽水,二黑,土,七赤,金,六白,金
2025-07-07,,乙巳,陰木陰火,庚午,陽金陽火,丁丑,陰火陰土,二黑,土,七赤,金,五黃,土
2025-07-08,小暑,乙巳,陰木陰火,辛未,陰金陰土,戊寅,陽土陽木,二黑,土,六白,金,四綠,木
2025-07-09,,乙巳,陰木陰火,辛未,陰金陰土,己卯,陰土陰木,二黑,土,六白,金,三碧,木
2025-07-10,,乙巳,陰木陰火,辛未,陰金陰土,庚辰,陽金陽土,二黑,土,六白,金,二黑,土
2025-07-11,,乙巳,陰木陰火,辛未,陰金陰土,辛巳,陰金陰火,二黑,土,六白,金,一白,水
2025-07-12,,乙巳,陰木陰火,辛未,陰金陰土,壬午,陽水陽火,二黑,土,六白,金,九紫,火
2025-07-13,,乙巳,陰木陰火,辛未,陰金陰土,癸未,陰水陰土,二黑,土,六白,金,八白,土
2025-07-14,,乙巳,陰木陰火,辛未,陰金陰土,甲申,陽木陽金,二黑,土,六白,金,七赤,金
2025-07-15,,乙巳,陰木陰火,辛未,陰金陰土,乙酉,陰木陰金,二黑,土,六白,金,六白,金
2025-07-16,,乙巳,陰木陰火,辛未,陰金陰土,丙戌,陽火陽土,二黑,土,六白,金,五黃,土
2025-07-17,,乙巳,陰木陰火,辛未,陰金陰土,丁亥,陰火陰水,二黑,土,六白,金,四綠,木
2025-07-18,,乙巳,陰木陰火,辛未,陰金陰土,戊子,陽土陽水,二黑,土,六白,金,三碧,木
2025-07-19,,乙巳,陰木陰火,辛未,陰金陰土,己丑,陰土陰土,二黑,土,六白,金,二黑,土
2025-07-20,,乙巳,陰木陰火,辛未,陰金陰土,庚寅,陽金陽木,二黑,土,六白,金,一白,水
2025-07-21,,乙巳,陰木陰火,辛未,陰金陰土,辛卯,陰金陰木,二黑,土,六白,金,九紫,火
2025-07-22,,乙巳,陰木陰火,辛未,陰金陰土,壬辰,陽水陽土,二黑,土,六白,金,八白,土
2025-07-23,大暑,乙巳,陰木陰火,辛未,陰金陰土,癸巳,陰水陰火,二黑,土,六白,金,七赤,金
2025-07-24,,乙巳,陰木陰火,辛未,陰金陰土,甲午,陽木陽火,二黑,土,六白,金,六白,金
2025-07-25,,乙巳,陰木陰火,辛未,陰金陰土,乙未,陰木陰土,二黑,土,六白,金,五黃,土
2025-07-26,,乙巳,陰木陰火,辛未,陰金陰土,丙申,陽火陽金,二黑,土,六白,金,四綠,木
2025-07-27,,乙巳,陰木陰火,辛未,陰金陰土,丁酉,陰火陰金,二黑,土,六白,金,三碧,木
2025-07-28,,乙巳,陰木陰火,辛未,陰金陰土,戊戌,陽土陽土,二黑,土,六白,金,二黑,土
2025-07-29,,乙巳,陰木陰火,辛未,陰金陰土,己亥,陰土陰水,二黑,土,六白,金,一白,水
2025-07-30,,乙巳,陰木陰火,辛未,陰金陰土,庚子,陽金陽水,二黑,土,六白,金,九紫,火
2025-07-31,,乙巳,陰木陰火,辛未,陰金陰土,辛丑,陰金陰土,二黑,土,六白,金,八白,土
2025-08-01,,乙巳,陰木陰火,辛未,陰金陰土,壬寅,陽水陽木,二黑,土,六白,金,七赤,金
2025-08-02,,乙巳,陰木陰火,辛未,陰金陰土,癸卯,陰水陰木,二黑,土,六白,金,六白,金
2025-08-03,,乙巳,陰木陰火,辛未,陰金陰土,甲辰,陽木陽土,二黑,土,六白,金,五黃,土
2025-08-04,,乙巳,陰木陰火,辛未,陰金陰土,乙巳,陰木陰火,二黑,土,六白,金,四綠,木
2025-08-05,,乙巳,陰木陰火,辛未,陰金陰土,丙午,陽火陽火,二黑,土,六白,金,三碧,木
2025-08-06,,乙巳,陰木陰火,辛未,陰金陰土,丁未,陰火陰土,二黑,土,六白,金,二黑,土
2025-08-07,,乙巳,陰木陰火,辛未,陰金陰土,戊申,陽土陽金,二黑,土,六白,金,一白,水
2025-08-08,立秋,乙巳,陰木陰火,壬申,陽水陽金,己酉,陰土陰金,二黑,土,五黃,土,九紫,火
2025-08-09,,乙巳,陰木陰火,壬申,陽水陽金,庚戌,陽金陽土,二黑,土,五黃,土,八白,土
2025-08-10,,乙巳,陰木陰火,壬申,陽水陽金,辛亥,陰金陰水,二黑,土,五黃,土,七赤,金
2025-08-11,,乙巳,陰木陰火,壬申,陽水陽金,壬子,陽水陽水,二黑,土,五黃,土,六白,金
2025-08-12,,乙巳,陰木陰火,壬申,陽水陽金,癸丑,陰水陰土,二黑,土,五黃,土,五黃,土
2025-08-13,,乙巳,陰木陰火,壬申,陽水陽金,甲寅,陽木陽木,二黑,土,五黃,土,四綠,木
2025-08-14,,乙巳,陰木陰火,壬申,陽水陽金,乙卯,陰木陰木,二黑,土,五黃,土,三碧,木
2025-08-15,,乙巳,陰木陰火,壬申,陽水陽金,丙辰,陽火陽土,二黑,土,五黃,土,二黑,土
2025-08-16,,乙巳,陰木陰火,壬申,陽水陽金,丁巳,陰火陰火,二黑,土,五黃,土,一白,水
2025-08-17,,乙巳,陰木陰火,壬申,陽水陽金,戊午,陽土陽火,二黑,土,五黃,土,九紫,火
2025-08-18,,乙巳,陰木陰火,壬申,陽水陽金,己未,陰土陰土,二黑,土,五黃,土,八白,土
2025-08-19,,乙巳,陰木陰火,壬申,陽水陽金,庚申,陽金陽金,二黑,土,五黃,土,七赤,金
2025-08-20,,乙巳,陰木陰火,壬申,陽水陽金,辛酉,陰金陰金,二黑,土,五黃,土,六白,金
2025-08-21,,乙巳,陰木陰火,壬申,陽水陽金,壬戌,陽水陽土,二黑,土,五黃,土,五黃,土
2025-08-22,,乙巳,陰木陰火,壬申,陽水陽金,癸亥,陰水陰水,二黑,土,五黃,土,四綠,木
2025-08-23,,乙巳,陰木陰火,壬申,陽水陽金,甲子,陽木陽水,二黑,土,五黃,土,三碧,木
2025-08-24,處暑,乙巳,陰木陰火,壬申,陽水陽金,乙丑,陰木陰土,二黑,土,五黃,土,二黑,土
2025-08-25,,乙巳,陰木陰火,壬申,陽水陽金,丙寅,陽火陽木,二黑,土,五黃,土,一白,水
2025-08-26,,乙巳,陰木陰火,壬申,陽水陽金,丁卯,陰火陰木,二黑,土,五黃,土,九紫,火
2025-08-27,,乙巳,陰木陰火,壬申,陽水陽金,戊辰,陽土陽土,二黑,土,五黃,土,八白,土
2025-08-28,,乙巳,陰木陰火,壬申,陽水陽金,己巳,陰土陰火,二黑,土,五黃,土,七赤,金
2025-08-29,,乙巳,陰木陰火,壬申,陽水陽金,庚午,陽金陽火,二黑,土,五黃,土,六白,金
2025-08-30,,乙巳,陰木陰火,壬申,陽水陽金,辛未,陰金陰土,二黑,土,五黃,土,五黃,土
2025-08-31,,乙巳,陰木陰火,壬申,陽水陽金,壬申,陽水陽金,二黑,土,五黃,土,四綠,木
2025-09-01,,乙巳,陰木陰火,壬申,陽水陽金,癸酉,陰水陰金,二黑,土,五黃,土,三碧,木
2025-09-02,,乙巳,陰木陰火,壬申,陽水陽金,甲戌,陽木陽土,二黑,土,五黃,土,二黑,土
2025-09-03,,乙巳,陰木陰火,壬申,陽水陽金,乙亥,陰木陰水,二黑,土,五黃,土,一白,水
2025-09-04,,乙巳,陰木陰火,壬申,陽水陽金,丙子,陽火陽水,二黑,土,五黃,土,九紫,火
2025-09-05,,乙巳,陰木陰火,壬申,陽水陽金,丁丑,陰火陰土,二黑,土,五黃,土,八白,土
2025-09-06,,乙巳,陰木陰火,壬申,陽水陽金,戊寅,陽土陽木,二黑,土,五黃,土,七赤,金
2025-09-07,,乙巳,陰木陰火,壬申,陽水陽金,己卯,陰土陰木,二黑,土,五黃,土,六白,金
2025-09-08,白露,乙巳,陰木陰火,癸酉,陰水陰金,庚辰,陽金陽土,二黑,土,四綠,木,五黃,土
2025-09-09,,乙巳,陰木陰火,癸酉,陰水陰金,辛巳,陰金陰火,二黑,土,四綠,木,四綠,木
2025-09-10,,乙巳,陰木陰火,癸酉,陰水陰金,壬午,陽水陽火,二黑,土,四綠,木,三碧,木
2025-09-11,,乙巳,陰木陰火,癸酉,陰水陰金,癸未,陰水陰土,二黑,土,四綠,木,二黑,土
2025-09-12,,乙巳,陰木陰火,癸酉,陰水陰金,甲申,陽木陽金,二黑,土,四綠,木,一白,水
2025-09-13,,乙巳,陰木陰火,癸酉,陰水陰金,乙酉,陰木陰金,二黑,土,四綠,木,九紫,火
2025-09-14,,乙巳,陰木陰火,癸酉,陰水陰金,丙戌,陽火陽土,二黑,土,四綠,木,八白,土
2025-09-15,,乙巳,陰木陰火,癸酉,陰水陰金,丁亥,陰火陰水,二黑,土,四綠,木,七赤,金
2025-09-16,,乙巳,陰木陰火,癸酉,陰水陰金,戊子,陽土陽水,二黑,土,四綠,木,六白,金
2025-09-17,,乙巳,陰木陰火,癸酉,陰水陰金,己丑,陰土陰土,二黑,土,四綠,木,五黃,土
2025-09-18,,乙巳,陰木陰火,癸酉,陰水陰金,庚寅,陽金陽木,二黑,土,四綠,木,四綠,木
2025-09-19,,乙巳,陰木陰火,癸酉,陰水陰金,辛卯,陰金陰木,二黑,土,四綠,木,三碧,木
2025-09-20,,乙巳,陰木陰火,癸酉,陰水陰金,壬辰,陽水陽土,二黑,土,四綠,木,二黑,土
2025-09-21,,乙巳,陰木陰火,癸酉,陰水陰金,癸巳,陰水陰火,二黑,土,四綠,木,一白,水
2025-09-22,,乙巳,陰木陰火,癸酉,陰水陰金,甲午,陽木陽火,二黑,土,四綠,木,九紫,火
2025-09-23,秋分,乙巳,陰木陰火,癸酉,陰水陰金,乙未,陰木陰土,二黑,土,四綠,木,八白,土
2025-09-24,,乙巳,陰木陰火,癸酉,陰水陰金,丙申,陽火陽金,二黑,土,四綠,木,七赤,金
2025-09-25,,乙巳,陰木陰火,癸酉,陰水陰金,丁酉,陰火陰金,二黑,土,四綠,木,六白,金
2025-09-26,,乙巳,陰木陰火,癸酉,陰水陰金,戊戌,陽土陽土,二黑,土,四綠,木,五黃,土
2025-09-27,,乙巳,陰木陰火,癸酉,陰水陰金,己亥,陰土陰水,二黑,土,四綠,木,四綠,木
2025-09-28,,乙巳,陰木陰火,癸酉,陰水陰金,庚子,陽金陽水,二黑,土,四綠,木,三碧,木
2025-09-29,,乙巳,陰木陰火,癸酉,陰水陰金,辛丑,陰金陰土,二黑,土,四綠,木,二黑,土
2025-09-30,,乙巳,陰木陰火,癸酉,陰水陰金,壬寅,陽水陽木,二黑,土,四綠,木,一白,水
2025-10-01,,乙巳,陰木陰火,癸酉,陰水陰金,癸卯,陰水陰木,二黑,土,四綠,木,九紫,火
2025-10-02,,乙巳,陰木陰火,癸酉,陰水陰金,甲辰,陽木陽土,二黑,土,四綠,木,八白,土
2025-10-03,,乙巳,陰木陰火,癸酉,陰水陰金,乙巳,陰木陰火,二黑,土,四綠,木,七赤,金
2025-10-04,,乙巳,陰木陰火,癸酉,陰水陰金,丙午,陽火陽火,二黑,土,四綠,木,六白,金
2025-10-05,,乙巳,陰木陰火,癸酉,陰水陰金,丁未,陰火陰土,二黑,土,四綠,木,五黃,土
2025-10-06,,乙巳,陰木陰火,癸酉,陰水陰金,戊申,陽土陽金,二黑,土,四綠,木,四綠,木
2025-10-07,,乙巳,陰木陰火,癸酉,陰水陰金,己酉,陰土陰金,二黑,土,四綠,木,三碧,木
2025-10-08,,乙巳,陰木陰火,癸酉,陰水陰金,庚戌,陽金陽土,二黑,土,四綠,木,二黑,土
2025-10-09,寒露,乙巳,陰木陰火,甲戌,陽木陽土,辛亥,陰金陰水,二黑,土,三碧,木,一白,水
2025-10-10,,乙巳,陰木陰火,甲戌,陽木陽土,壬子,陽水陽水,二黑,土,三碧,木,九紫,火
2025-10-11,,乙巳,陰木陰火,甲戌,陽木陽土,癸丑,陰水陰土,二黑,土,三碧,木,八白,土
2025-10-12,,乙巳,陰木陰火,甲戌,陽木陽土,甲寅,陽木陽木,二黑,土,三碧,木,七赤,金
2025-10-13,,乙巳,陰木陰火,甲戌,陽木陽土,乙卯,陰木陰木,二黑,土,三碧,木,六白,金
2025-10-14,,乙巳,陰木陰火,甲戌,陽木陽土,丙辰,陽火陽土,二黑,土,三碧,木,五黃,土
2025-10-15,,乙巳,陰木陰火,甲戌,陽木陽土,丁巳,陰火陰火,二黑,土,三碧,木,四綠,木
2025-10-16,,乙巳,陰木陰火,甲戌,陽木陽土,戊午,陽土陽火,二黑,土,三碧,木,三碧,木
2025-10-17,,乙巳,陰木陰火,甲戌,陽木陽土,己未,陰土陰土,二黑,土,三碧,木,二黑,土
2025-10-18,,乙巳,陰木陰火,甲戌,陽木陽土,庚申,陽金陽金,二黑,土,三碧,木,一白,水
2025-10-19,,乙巳,陰木陰火,甲戌,陽木陽土,辛酉,陰金陰金,二黑,土,三碧,木,九紫,火
2025-10-20,,乙巳,陰木陰火,甲戌,陽木陽土,壬戌,陽水陽土,二黑,土,三碧,木,八白,土
2025-10-21,,乙巳,陰木陰火,甲戌,陽木陽土,癸亥,陰水陰水,二黑,土,三碧,木,七赤,金
2025-10-22,,乙巳,陰木陰火,甲戌,陽木陽土,甲子,陽木陽水,二黑,土,三碧,木,六白,金
2025-10-23,,乙巳,陰木陰火,甲戌,陽木陽土,乙丑,陰木陰土,二黑,土,三碧,木,五黃,土
2025-10-24,霜降,乙巳,陰木陰火,甲戌,陽木陽土,丙寅,陽火陽木,二黑,土,三碧,木,四綠,木
2025-10-25,,乙巳,陰木陰火,甲戌,陽木陽土,丁卯,陰火陰木,二黑,土,三碧,木,三碧,木
2025-10-26,,乙巳,陰木陰火,甲戌,陽木陽土,戊辰,陽土陽土,二黑,土,三碧,木,二黑,土
2025-10-27,,乙巳,陰木陰火,甲戌,陽木陽土,己巳,陰土陰火,二黑,土,三碧,木,一白,水
2025-10-28,,乙巳,陰木陰火,甲戌,陽木陽土,庚午,陽金陽火,二黑,土,三碧,木,九紫,火
2025-10-29,,乙巳,陰木陰火,甲戌,陽木陽土,辛未,陰金陰土,二黑,土,三碧,木,八白,土
2025-10-30,,乙巳,陰木陰火,甲戌,陽木陽土,壬申,陽水陽金,二黑,土,三碧,木,七赤,金
2025-10-31,,乙巳,陰木陰火,甲戌,陽木陽土,癸酉,陰水陰金,二黑,土,三碧,木,六白,金
2025-11-01,,乙巳,陰木陰火,甲戌,陽木陽土,甲戌,陽木陽土,二黑,土,三碧,木,五黃,土
2025-11-02,,乙巳,陰木陰火,甲戌,陽木陽土,乙亥,陰木陰水,二黑,土,三碧,木,四綠,木
2025-11-03,,乙巳,陰木陰火,甲戌,陽木陽土,丙子,陽火陽水,二黑,土,三碧,木,三碧,木
2025-11-04,,乙巳,陰木陰火,甲戌,陽木陽土,丁丑,陰火陰土,二黑,土,三碧,木,二黑,土
2025-11-05,,乙巳,陰木陰火,甲戌,陽木陽土,戊寅,陽土陽木,二黑,土,三碧,木,一白,水
2025-11-06,,乙巳,陰木陰火,甲戌,陽木陽土,己卯,陰土陰木,二黑,土,三碧,木,九紫,火
2025-11-07,,乙巳,陰木陰火,甲戌,陽木陽土,庚辰,陽金陽土,二黑,土,三碧,木,八白,土
2025-11-08,立冬,乙巳,陰木陰火,乙亥,陰木陰水,辛巳,陰金陰火,二黑,土,二黑,土,七赤,金
2025-11-09,,乙巳,陰木陰火,乙亥,陰木陰水,壬午,陽水陽火,二黑,土,二黑,土,六白,金
2025-11-10,,乙巳,陰木陰火,乙亥,陰木陰水,癸未,陰水陰土,二黑,土,二黑,土,五黃,土
2025-11-11,,乙巳,陰木陰火,乙亥,陰木陰水,甲申,陽木陽金,二黑,土,二黑,土,四綠,木
2025-11-12,,乙巳,陰木陰火,乙亥,陰木陰水,乙酉,陰木陰金,二黑,土,二黑,土,三碧,木
2025-11-13,,乙巳,陰木陰火,乙亥,陰木陰水,丙戌,陽火陽土,二黑,土,二黑,土,二黑,土
2025-11-14,,乙巳,陰木陰火,乙亥,陰木陰水,丁亥,陰火陰水,二黑,土,二黑,土,一白,水
2025-11-15,,乙巳,陰木陰火,乙亥,陰木陰水,戊子,陽土陽水,二黑,土,二黑,土,九紫,火
2025-11-16,,乙巳,陰木陰火,乙亥,陰木陰水,己丑,陰土陰土,二黑,土,二黑,土,八白,土
2025-11-17,,乙巳,陰木陰火,乙亥,陰木陰水,庚寅,陽金陽木,二黑,土,二黑,土,七赤,金
2025-11-18,,乙巳,陰木陰火,乙亥,陰木陰水,辛卯,陰金陰木,二黑,土,二黑,土,六白,金
2025-11-19,,乙巳,陰木陰火,乙亥,陰木陰水,壬辰,陽水陽土,二黑,土,二黑,土,五黃,土
2025-11-20,,乙巳,陰木陰火,乙亥,陰木陰水,癸巳,陰水陰火,二黑,土,二黑,土,四綠,木
2025-11-21,,乙巳,陰木陰火,乙亥,陰木陰水,甲午,陽木陽火,二黑,土,二黑,土,三碧,木
2025-11-22,,乙巳,陰木陰火,乙亥,陰木陰水,乙未,陰木陰土,二黑,土,二黑,土,二黑,土
2025-11-23,小雪,乙巳,陰木陰火,乙亥,陰木陰水,丙申,陽火陽金,二黑,土,二黑,土,一白,水
2025-11-24,,乙巳,陰木陰火,乙亥,陰木陰水,丁酉,陰火陰金,二黑,土,二黑,土,九紫,火
2025-11-25,,乙巳,陰木陰火,乙亥,陰木陰水,戊戌,陽土陽土,二黑,土,二黑,土,八白,土
2025-11-26,,乙巳,陰木陰火,乙亥,陰木陰水,己亥,陰土陰水,二黑,土,二黑,土,七赤,金
2025-11-27,,乙巳,陰木陰火,乙亥,陰木陰水,庚子,陽金陽水,二黑,土,二黑,土,六白,金
2025-11-28,,乙巳,陰木陰火,乙亥,陰木陰水,辛丑,陰金陰土,二黑,土,二黑,土,五黃,土
2025-11-29,,乙巳,陰木陰火,乙亥,陰木陰水,壬寅,陽水陽木,二黑,土,二黑,土,四綠,木
2025-11-30,,乙巳,陰木陰火,乙亥,陰木陰水,癸卯,陰水陰木,二黑,土,二黑,土,三碧,木
2025-12-01,,乙巳,陰木陰火,乙亥,陰木陰水,甲辰,陽木陽土,二黑,土,二黑,土,二黑,土
2025-12-02,,乙巳,陰木陰火,乙亥,陰木陰水,乙巳,陰木陰火,二黑,土,二黑,土,一白,水
2025-12-03,,乙巳,陰木陰火,乙亥,陰木陰水,丙午,陽火陽火,二黑,土,二黑,土,九紫,火
2025-12-04,,乙巳,陰木陰火,乙亥,陰木陰水,丁未,陰火陰土,二黑,土,二黑,土,八白,土
2025-12-05,,乙巳,陰木陰火,乙亥,陰木陰水,戊申,陽土陽金,二黑,土,二黑,土,七赤,金
2025-12-06,,乙巳,陰木陰火,乙亥,陰木陰水,己酉,陰土陰金,二黑,土,二黑,土,六白,金
2025-12-07,,乙巳,陰木陰火,乙亥,陰木陰水,庚戌,陽金陽土,二黑,土,二黑,土,五黃,土
2025-12-08,大雪,乙巳,陰木陰火,丙子,陽火陽水,辛亥,陰金陰水,二黑,土,一白,水,四綠,木
2025-12-09,,乙巳,陰木陰火,丙子,陽火陽水,壬子,陽水陽水,二黑,土,一白,水,三碧,木
2025-12-10,,乙巳,陰木陰火,丙子,陽火陽水,癸丑,陰水陰土,二黑,土,一白,水,二黑,土
2025-12-11,,乙巳,陰木陰火,丙子,陽火陽水,甲寅,陽木陽木,二黑,土,一白,水,一白,水
2025-12-12,,乙巳,陰木陰火,丙子,陽火陽水,乙卯,陰木陰木,二黑,土,一白,水,九紫,火
2025-12-13,,乙巳,陰木陰火,丙子,陽火陽水,丙辰,陽火陽土,二黑,土,一白,水,八白,土
2025-12-14,,乙巳,陰木陰火,丙子,陽火陽水,丁巳,陰火陰火,二黑,土,一白,水,七赤,金
2025-12-15,,乙巳,陰木陰火,丙子,陽火陽水,戊午,陽土陽火,二黑,土,一白,水,六白,金
2025-12-16,,乙巳,陰木陰火,丙子,陽火陽水,己未,陰土陰土,二黑,土,一白,水,五黃,土
2025-12-17,,乙巳,陰木陰火,丙子,陽火陽水,庚申,陽金陽金,二黑,土,一白,水,四綠,木
2025-12-18,,乙巳,陰木陰火,丙子,陽火陽水,辛酉,陰金陰金,二黑,土,一白,水,三碧,木
2025-12-19,,乙巳,陰木陰火,丙子,陽火陽水,壬戌,陽水陽土,二黑,土,一白,水,二黑,土
2025-12-20,,乙巳,陰木陰火,丙子,陽火陽水,癸亥,陰水陰水,二黑,土,一白,水,一白,水
2025-12-21,,乙巳,陰木陰火,丙子,陽火陽水,甲子,陽木陽水,二黑,土,一白,水,九紫,火
2025-12-22,冬至,乙巳,陰木陰火,丙子,陽火陽水,乙丑,陰木陰土,二黑,土,一白,水,二黑,土
2025-12-23,,乙巳,陰木陰火,丙子,陽火陽水,丙寅,陽火陽木,二黑,土,一白,水,三碧,木
2025-12-24,,乙巳,陰木陰火,丙子,陽火陽水,丁卯,陰火陰木,二黑,土,一白,水,四綠,木
2025-12-25,,乙巳,陰木陰火,丙子,陽火陽水,戊辰,陽土陽土,二黑,土,一白,水,五黃,土
2025-12-26,,乙巳,陰木陰火,丙子,陽火陽水,己巳,陰土陰火,二黑,土,一白,水,六白,金
2025-12-27,,乙巳,陰木陰火,丙子,陽火陽水,庚午,陽金陽火,二黑,土,一白,水,七赤,金
2025-12-28,,乙巳,陰木陰火,丙子,陽火陽水,辛未,陰金陰土,二黑,土,一白,水,八白,土
2025-12-29,,乙巳,陰木陰火,丙子,陽火陽水,壬申,陽水陽金,二黑,土,一白,水,九紫,火
2025-12-30,,乙巳,陰木陰火,丙子,陽火陽水,癸酉,陰水陰金,二黑,土,一白,水,一白,水
2025-12-31,,乙巳,陰木陰火,丙子,陽火陽水,甲戌,陽木陽土,二黑,土,一白,水,二黑,土
2026-01-01,,乙巳,陰木陰火,丙子,陽火陽水,乙亥,陰木陰水,二黑,土,一白,水,三碧,木
2026-01-02,,乙巳,陰木陰火,丙子,陽火陽水,丙子,陽火陽水,二黑,土,一白,水,四綠,木
2026-01-03,,乙巳,陰木陰火,丙子,陽火陽水,丁丑,陰火陰土,二黑,土,一白,水,五黃,土
2026-01-04,,乙巳,陰木陰火,丙子,陽火陽水,戊寅,陽土陽木,二黑,土,一白,水,六白,金
2026-01-05,,乙巳,陰木陰火,丙子,陽火陽水,己卯,陰土陰木,二黑,土,一白,水,七赤,金
2026-01-06,小寒,乙巳,陰木陰火,丁丑,陰火陰土,庚辰,陽金陽土,二黑,土,九紫,火,八白,土
2026-01-07,,乙巳,陰木陰火,丁丑,陰火陰土,辛巳,陰金陰火,二黑,土,九紫,火,九紫,火
2026-01-08,,乙巳,陰木陰火,丁丑,陰火陰土,壬午,陽水陽火,二黑,土,九紫,火,一白,水
2026-01-09,,乙巳,陰木陰火,丁丑,陰火陰土,癸未,陰水陰土,二黑,土,九紫,火,二黑,土
2026-01-10,,乙巳,陰木陰火,丁丑,陰火陰土,甲申,陽木陽金,二黑,土,九紫,火,三碧,木
2026-01-11,,乙巳,陰木陰火,丁丑,陰火陰土,乙酉,陰木陰金,二黑,土,九紫,火,四綠,木
2026-01-12,,乙巳,陰木陰火,丁丑,陰火陰土,丙戌,陽火陽土,二黑,土,九紫,火,五黃,土
2026-01-13,,乙巳,陰木陰火,丁丑,陰火陰土,丁亥,陰火陰水,二黑,土,九紫,火,六白,金
2026-01-14,,乙巳,陰木陰火,丁丑,陰火陰土,戊子,陽土陽水,二黑,土,九紫,火,七赤,金
2026-01-15,,乙巳,陰木陰火,丁丑,陰火陰土,己丑,陰土陰土,二黑,土,九紫,火,八白,土
2026-01-16,,乙巳,陰木陰火,丁丑,陰火陰土,庚寅,陽金陽木,二黑,土,九紫,火,九紫,火
2026-01-17,,乙巳,陰木陰火,丁丑,陰火陰土,辛卯,陰金陰木,二黑,土,九紫,火,一白,水
2026-01-18,,乙巳,陰木陰火,丁丑,陰火陰土,壬辰,陽水陽土,二黑,土,九紫,火,二黑,土
2026-01-19,,乙巳,陰木陰火,丁丑,陰火陰土,癸巳,陰水陰火,二黑,土,九紫,火,三碧,木
2026-01-20,,乙巳,陰木陰火,丁丑,陰火陰土,甲午,陽木陽火,二黑,土,九紫,火,四綠,木
2026-01-21,大寒,乙巳,陰木陰火,丁丑,陰火陰土,乙未,陰木陰土,二黑,土,九紫,火,五黃,土
2026-01-22,,乙巳,陰木陰火,丁丑,陰火陰土,丙申,陽火陽金,二黑,土,九紫,火,六白,金
2026-01-23,,乙巳,陰木陰火,丁丑,陰火陰土,丁酉,陰火陰金,二黑,土,九紫,火,七赤,金
2026-01-24,,乙巳,陰木陰火,丁丑,陰火陰土,戊戌,陽土陽土,二黑,土,九紫,火,八白,土
2026-01-25,,乙巳,陰木陰火,丁丑,陰火陰土,己亥,陰土陰水,二黑,土,九紫,火,九紫,火
2026-01-26,,乙巳,陰木陰火,丁丑,陰火陰土,庚子,陽金陽水,二黑,土,九紫,火,一白,水
2026-01-27,,乙巳,陰木陰火,丁丑,陰火陰土,辛丑,陰金陰土,二黑,土,九紫,火,二黑,土
2026-01-28,,乙巳,陰木陰火,丁丑,陰火陰土,壬寅,陽水陽木,二黑,土,九紫,火,三碧,木
2026-01-29,,乙巳,陰木陰火,丁丑,陰火陰土,癸卯,陰水陰木,二黑,土,九紫,火,四綠,木
2026-01-30,,乙巳,陰木陰火,丁丑,陰火陰土,甲辰,陽木陽土,二黑,土,九紫,火,五黃,土
2026-01-31,,乙巳,陰木陰火,丁丑,陰火陰土,乙巳,陰木陰火,二黑,土,九紫,火,六白,金
2026-02-01,,乙巳,陰木陰火,丁丑,陰火陰土,丙午,陽火陽火,二黑,土,九紫,火,七赤,金
2026-02-02,,乙巳,陰木陰火,丁丑,陰火陰土,丁未,陰火陰土,二黑,土,九紫,火,八白,土
2026-02-03,,乙巳,陰木陰火,丁丑,陰火陰土,戊申,陽土陽金,二黑,土,九紫,火,九紫,火
2026-02-04,,乙巳,陰木陰火,丁丑,陰火陰土,己酉,陰土陰金,二黑,土,九紫,火,一白,水
2026-02-05,立春,丙午,陽火陽火,戊寅,陽土陽木,庚戌,陽金陽土,一白,水,八白,土,二黑,土
2026-02-06,,丙午,陽火陽火,戊寅,陽土陽木,辛亥,陰金陰水,一白,水,八白,土,三碧,木
2026-02-07,,丙午,陽火陽火,戊寅,陽土陽木,壬子,陽水陽水,一白,水,八白,土,四綠,木
2026-02-08,,丙午,陽火陽火,戊寅,陽土陽木,癸丑,陰水陰土,一白,水,八白,土,五黃,土
2026-02-09,,丙午,陽火陽火,戊寅,陽土陽木,甲寅,陽木陽木,一白,水,八白,土,六白,金
2026-02-10,,丙午,陽火陽火,戊寅,陽土陽木,乙卯,陰木陰木,一白,水,八白,土,七赤,金
2026-02-11,,丙午,陽火陽火,戊寅,陽土陽木,丙辰,陽火陽土,一白,水,八白,土,八白,土
2026-02-12,,丙午,陽火陽火,戊寅,陽土陽木,丁巳,陰火陰火,一白,水,八白,土,九紫,火
2026-02-13,,丙午,陽火陽火,戊寅,陽土陽木,戊午,陽土陽火,一白,水,八白,土,一白,水
2026-02-14,,丙午,陽火陽火,戊寅,陽土陽木,己未,陰土陰土,一白,水,八白,土,二黑,土
2026-02-15,,丙午,陽火陽火,戊寅,陽土陽木,庚申,陽金陽金,一白,水,八白,土,三碧,木
2026-02-16,,丙午,陽火陽火,戊寅,陽土陽木,辛酉,陰金陰金,一白,水,八白,土,四綠,木
2026-02-17,,丙午,陽火陽火,戊寅,陽土陽木,壬戌,陽水陽土,一白,水,八白,土,五黃,土
2026-02-18,,丙午,陽火陽火,戊寅,陽土陽木,癸亥,陰水陰水,一白,水,八白,土,六白,金
2026-02-19,雨水,丙午,陽火陽火,戊寅,陽土陽木,甲子,陽木陽水,一白,水,八白,土,七赤,金
2026-02-20,,丙午,陽火陽火,戊寅,陽土陽木,乙丑,陰木陰土,一白,水,八白,土,八白,土
2026-02-21,,丙午,陽火陽火,戊寅,陽土陽木,丙寅,陽火陽木,一白,水,八白,土,九紫,火
2026-02-22,,丙午,陽火陽火,戊寅,陽土陽木,丁卯,陰火陰木,一白,水,八白,土,一白,水
2026-02-23,,丙午,陽火陽火,戊寅,陽土陽木,戊辰,陽土陽土,一白,水,八白,土,二黑,土
2026-02-24,,丙午,陽火陽火,戊寅,陽土陽木,己巳,陰土陰火,一白,水,八白,土,三碧,木
2026-02-25,,丙午,陽火陽火,戊寅,陽土陽木,庚午,陽金陽火,一白,水,八白,土,四綠,木
2026-02-26,,丙午,陽火陽火,戊寅,陽土陽木,辛未,陰金陰土,一白,水,八白,土,五黃,土
2026-02-27,,丙午,陽火陽火,戊寅,陽土陽木,壬申,陽水陽金,一白,水,八白,土,六白,金
2026-02-28,,丙午,陽火陽火,戊寅,陽土陽木,癸酉,陰水陰金,一白,水,八白,土,七赤,金
2026-03-01,,丙午,陽火陽火,戊寅,陽土陽木,甲戌,陽木陽土,一白,水,八白,土,八白,土
2026-03-02,,丙午,陽火陽火,戊寅,陽土陽木,乙亥,陰木陰水,一白,水,八白,土,九紫,火
2026-03-03,,丙午,陽火陽火,戊寅,陽土陽木,丙子,陽火陽水,一白,水,八白,土,一白,水
2026-03-04,,丙午,陽火陽火,戊寅,陽土陽木,丁丑,陰火陰土,一白,水,八白,土,二黑,土
2026-03-05,,丙午,陽火陽火,戊寅,陽土陽木,戊寅,陽土陽木,一白,水,八白,土,三碧,木
2026-03-06,驚蟄,丙午,陽火陽火,己卯,陰土陰木,己卯,陰土陰木,一白,水,七赤,金,四綠,木
2026-03-07,,丙午,陽火陽火,己卯,陰土陰木,庚辰,陽金陽土,一白,水,七赤,金,五黃,土
2026-03-08,,丙午,陽火陽火,己卯,陰土陰木,辛巳,陰金陰火,一白,水,七赤,金,六白,金
2026-03-09,,丙午,陽火陽火,己卯,陰土陰木,壬午,陽水陽火,一白,水,七赤,金,七赤,金
2026-03-10,,丙午,陽火陽火,己卯,陰土陰木,癸未,陰水陰土,一白,水,七赤,金,八白,土
2026-03-11,,丙午,陽火陽火,己卯,陰土陰木,甲申,陽木陽金,一白,水,七赤,金,九紫,火
2026-03-12,,丙午,陽火陽火,己卯,陰土陰木,乙酉,陰木陰金,一白,水,七赤,金,一白,水
2026-03-13,,丙午,陽火陽火,己卯,陰土陰木,丙戌,陽火陽土,一白,水,七赤,金,二黑,土
2026-03-14,,丙午,陽火陽火,己卯,陰土陰木,丁亥,陰火陰水,一白,水,七赤,金,三碧,木
2026-03-15,,丙午,陽火陽火,己卯,陰土陰木,戊子,陽土陽水,一白,水,七赤,金,四綠,木
2026-03-16,,丙午,陽火陽火,己卯,陰土陰木,己丑,陰土陰土,一白,水,七赤,金,五黃,土
2026-03-17,,丙午,陽火陽火,己卯,陰土陰木,庚寅,陽金陽木,一白,水,七赤,金,六白,金
2026-03-18,,丙午,陽火陽火,己卯,陰土陰木,辛卯,陰金陰木,一白,水,七赤,金,七赤,金
2026-03-19,,丙午,陽火陽火,己卯,陰土陰木,壬辰,陽水陽土,一白,水,七赤,金,八白,土
2026-03-20,,丙午,陽火陽火,己卯,陰土陰木,癸巳,陰水陰火,一白,水,七赤,金,九紫,火
2026-03-21,春分,乙巳,陰木陰火,丁卯,陰火陰木,甲午,陽木陽火,二黑,土,一白,水,一白,水
2026-03-22,,乙巳,陰木陰火,丁卯,陰火陰木,乙未,陰木陰土,二黑,土,一白,水,二黑,土
2026-03-23,,乙巳,陰木陰火,丁卯,陰火陰木,丙申,陽火陽金,二黑,土,一白,水,三碧,木
2026-03-24,,乙巳,陰木陰火,丁卯,陰火陰木,丁酉,陰火陰金,二黑,土,一白,水,四綠,木
2026-03-25,,乙巳,陰木陰火,丁卯,陰火陰木,戊戌,陽土陽土,二黑,土,一白,水,五黃,土
2026-03-26,,乙巳,陰木陰火,丁卯,陰火陰木,己亥,陰土陰水,二黑,土,一白,水,六白,金
2026-03-27,,乙巳,陰木陰火,丁卯,陰火陰木,庚子,陽金陽水,二黑,土,一白,水,七赤,金
2026-03-28,,乙巳,陰木陰火,丁卯,陰火陰木,辛丑,陰金陰土,二黑,土,一白,水,八白,土
2026-03-29,,乙巳,陰木陰火,丁卯,陰火陰木,壬寅,陽水陽木,二黑,土,一白,水,九紫,火
2026-03-30,,乙巳,陰木陰火,丁卯,陰火陰木,癸卯,陰水陰木,二黑,土,一白,水,一白,水
2026-03-31,,乙巳,陰木陰火,丁卯,陰火陰木,甲辰,陽木陽土,二黑,土,一白,水,二黑,土
2026-04-01,,丙午,陽火陽火,己卯,陰土陰木,乙巳,陰木陰火,一白,水,七赤,金,三碧,木
2026-04-02,,丙午,陽火陽火,己卯,陰土陰木,丙午,陽火陽火,一白,水,七赤,金,四綠,木
2026-04-03,,丙午,陽火陽火,己卯,陰土陰木,丁未,陰火陰土,一白,水,七赤,金,五黃,土
2026-04-04,,丙午,陽火陽火,己卯,陰土陰木,戊申,陽土陽金,一白,水,七赤,金,六白,金
2026-04-05,清明,丙午,陽火陽火,庚辰,陽金陽土,己酉,陰土陰金,一白,水,六白,金,七赤,金
2026-04-06,,丙午,陽火陽火,庚辰,陽金陽土,庚戌,陽金陽土,一白,水,六白,金,八白,土
2026-04-07,,丙午,陽火陽火,庚辰,陽金陽土,辛亥,陰金陰水,一白,水,六白,金,九紫,火
2026-04-08,,丙午,陽火陽火,庚辰,陽金陽土,壬子,陽水陽水,一白,水,六白,金,一白,水
2026-04-09,,丙午,陽火陽火,庚辰,陽金陽土,癸丑,陰水陰土,一白,水,六白,金,二黑,土
2026-04-10,,丙午,陽火陽火,庚辰,陽金陽土,甲寅,陽木陽木,一白,水,六白,金,三碧,木
2026-04-11,,丙午,陽火陽火,庚辰,陽金陽土,乙卯,陰木陰木,一白,水,六白,金,四綠,木
2026-04-12,,丙午,陽火陽火,庚辰,陽金陽土,丙辰,陽火陽土,一白,水,六白,金,五黃,土
2026-04-13,,丙午,陽火陽火,庚辰,陽金陽土,丁巳,陰火陰火,一白,水,六白,金,六白,金
2026-04-14,,丙午,陽火陽火,庚辰,陽金陽土,戊午,陽土陽火,一白,水,六白,金,七赤,金
2026-04-15,,丙午,陽火陽火,庚辰,陽金陽土,己未,陰土陰土,一白,水,六白,金,八白,土
2026-04-16,,丙午,陽火陽火,庚辰,陽金陽土,庚申,陽金陽金,一白,水,六白,金,九紫,火
2026-04-17,,丙午,陽火陽火,庚辰,陽金陽土,辛酉,陰金陰金,一白,水,六白,金,一白,水
2026-04-18,,丙午,陽火陽火,庚辰,陽金陽土,壬戌,陽水陽土,一白,水,六白,金,二黑,土
2026-04-19,,丙午,陽火陽火,庚辰,陽金陽土,癸亥,陰水陰水,一白,水,六白,金,三碧,木
2026-04-20,,丙午,陽火陽火,庚辰,陽金陽土,甲子,陽木陽水,一白,水,六白,金,四綠,木
2026-04-21,穀雨,丙午,陽火陽火,庚辰,陽金陽土,乙丑,陰木陰土,一白,水,六白,金,五黃,土
2026-04-22,,丙午,陽火陽火,庚辰,陽金陽土,丙寅,陽火陽木,一白,水,六白,金,六白,金
2026-04-23,,丙午,陽火陽火,庚辰,陽金陽土,丁卯,陰火陰木,一白,水,六白,金,七赤,金
2026-04-24,,丙午,陽火陽火,庚辰,陽金陽土,戊辰,陽土陽土,一白,水,六白,金,八白,土
2026-04-25,,丙午,陽火陽火,庚辰,陽金陽土,己巳,陰土陰火,一白,水,六白,金,九紫,火
2026-04-26,,丙午,陽火陽火,庚辰,陽金陽土,庚午,陽金陽火,一白,水,六白,金,一白,水
2026-04-27,,丙午,陽火陽火,庚辰,陽金陽土,辛未,陰金陰土,一白,水,六白,金,二黑,土
2026-04-28,,丙午,陽火陽火,庚辰,陽金陽土,壬申,陽水陽金,一白,水,六白,金,三碧,木
2026-04-29,,丙午,陽火陽火,庚辰,陽金陽土,癸酉,陰水陰金,一白,水,六白,金,四綠,木
2026-04-30,,丙午,陽火陽火,庚辰,陽金陽土,甲戌,陽木陽土,一白,水,六白,金,五黃,土
2026-05-01,,丙午,陽火陽火,庚辰,陽金陽土,乙亥,陰木陰水,一白,水,六白,金,六白,金
2026-05-02,,丙午,陽火陽火,庚辰,陽金陽土,丙子,陽火陽水,一白,水,六白,金,七赤,金
2026-05-03,,丙午,陽火陽火,庚辰,陽金陽土,丁丑,陰火陰土,一白,水,六白,金,八白,土
2026-05-04,,丙午,陽火陽火,庚辰,陽金陽土,戊寅,陽土陽木,一白,水,六白,金,九紫,火
2026-05-05,,丙午,陽火陽火,庚辰,陽金陽土,己卯,陰土陰木,一白,水,六白,金,一白,水
2026-05-06,立夏,丙午,陽火陽火,辛巳,陰金陰火,庚辰,陽金陽土,一白,水,五黃,土,二黑,土
2026-05-07,,丙午,陽火陽火,辛巳,陰金陰火,辛巳,陰金陰火,一白,水,五黃,土,三碧,木
2026-05-08,,丙午,陽火陽火,辛巳,陰金陰火,壬午,陽水陽火,一白,水,五黃,土,四綠,木
2026-05-09,,丙午,陽火陽火,辛巳,陰金陰火,癸未,陰水陰土,一白,水,五黃,土,五黃,土
2026-05-10,,丙午,陽火陽火,辛巳,陰金陰火,甲申,陽木陽金,一白,水,五黃,土,六白,金
2026-05-11,,丙午,陽火陽火,辛巳,陰金陰火,乙酉,陰木陰金,一白,水,五黃,土,七赤,金
2026-05-12,,丙午,陽火陽火,辛巳,陰金陰火,丙戌,陽火陽土,一白,水,五黃,土,八白,土
2026-05-13,,丙午,陽火陽火,辛巳,陰金陰火,丁亥,陰火陰水,一白,水,五黃,土,九紫,火
2026-05-14,,丙午,陽火陽火,辛巳,陰金陰火,戊子,陽土陽水,一白,水,五黃,土,一白,水
2026-05-15,,丙午,陽火陽火,辛巳,陰金陰火,己丑,陰土陰土,一白,水,五黃,土,二黑,土
2026-05-16,,丙午,陽火陽火,辛巳,陰金陰火,庚寅,陽金陽木,一白,水,五黃,土,三碧,木
2026-05-17,,丙午,陽火陽火,辛巳,陰金陰火,辛卯,陰金陰木,一白,水,五黃,土,四綠,木
2026-05-18,,丙午,陽火陽火,辛巳,陰金陰火,壬辰,陽水陽土,一白,水,五黃,土,五黃,土
2026-05-19,,丙午,陽火陽火,辛巳,陰金陰火,癸巳,陰水陰火,一白,水,五黃,土,六白,金
2026-05-20,,丙午,陽火陽火,辛巳,陰金陰火,甲午,陽木陽火,一白,水,五黃,土,七赤,金
2026-05-21,,丙午,陽火陽火,辛巳,陰金陰火,乙未,陰木陰土,一白,水,五黃,土,八白,土
2026-05-22,小滿,丙午,陽火陽火,辛巳,陰金陰火,丙申,陽火陽金,一白,水,五黃,土,九紫,火
2026-05-23,,丙午,陽火陽火,辛巳,陰金陰火,丁酉,陰火陰金,一白,水,五黃,土,一白,水
2026-05-24,,丙午,陽火陽火,辛巳,陰金陰火,戊戌,陽土陽土,一白,水,五黃,土,二黑,土
2026-05-25,,丙午,陽火陽火,辛巳,陰金陰火,己亥,陰土陰水,一白,水,五黃,土,三碧,木
2026-05-26,,丙午,陽火陽火,辛巳,陰金陰火,庚子,陽金陽水,一白,水,五黃,土,四綠,木
2026-05-27,,丙午,陽火陽火,辛巳,陰金陰火,辛丑,陰金陰土,一白,水,五黃,土,五黃,土
2026-05-28,,丙午,陽火陽火,辛巳,陰金陰火,壬寅,陽水陽木,一白,水,五黃,土,六白,金
2026-05-29,,丙午,陽火陽火,辛巳,陰金陰火,癸卯,陰水陰木,一白,水,五黃,土,七赤,金
2026-05-30,,丙午,陽火陽火,辛巳,陰金陰火,甲辰,陽木陽土,一白,水,五黃,土,八白,土
2026-05-31,,丙午,陽火陽火,辛巳,陰金陰火,乙巳,陰木陰火,一白,水,五黃,土,九紫,火
2026-06-01,,丙午,陽火陽火,辛巳,陰金陰火,丙午,陽火陽火,一白,水,五黃,土,一白,水
2026-06-02,,丙午,陽火陽火,辛巳,陰金陰火,丁未,陰火陰土,一白,水,五黃,土,二黑,土
2026-06-03,,丙午,陽火陽火,辛巳,陰金陰火,戊申,陽土陽金,一白,水,五黃,土,三碧,木
2026-06-04,,丙午,陽火陽火,辛巳,陰金陰火,己酉,陰土陰金,一白,水,五黃,土,四綠,木
2026-06-05,,丙午,陽火陽火,辛巳,陰金陰火,庚戌,陽金陽土,一白,水,五黃,土,五黃,土
2026-06-06,芒種,丙午,陽火陽火,壬午,陽水陽火,辛亥,陰金陰水,一白,水,四綠,木,六白,金
2026-06-07,,丙午,陽火陽火,壬午,陽水陽火,壬子,陽水陽水,一白,水,四綠,木,七赤,金
2026-06-08,,丙午,陽火陽火,壬午,陽水陽火,癸丑,陰水陰土,一白,水,四綠,木,八白,土
2026-06-09,,丙午,陽火陽火,壬午,陽水陽火,甲寅,陽木陽木,一白,水,四綠,木,九紫,火
2026-06-10,,丙午,陽火陽火,壬午,陽水陽火,乙卯,陰木陰木,一白,水,四綠,木,一白,水
2026-06-11,,丙午,陽火陽火,壬午,陽水陽火,丙辰,陽火陽土,一白,水,四綠,木,二黑,土
2026-06-12,,丙午,陽火陽火,壬午,陽水陽火,丁巳,陰火陰火,一白,水,四綠,木,三碧,木
2026-06-13,,丙午,陽火陽火,壬午,陽水陽火,戊午,陽土陽火,一白,水,四綠,木,四綠,木
2026-06-14,,丙午,陽火陽火,壬午,陽水陽火,己未,陰土陰土,一白,水,四綠,木,五黃,土
2026-06-15,,丙午,陽火陽火,壬午,陽水陽火,庚申,陽金陽金,一白,水,四綠,木,六白,金
2026-06-16,,丙午,陽火陽火,壬午,陽水陽火,辛酉,陰金陰金,一白,水,四綠,木,七赤,金
2026-06-17,,丙午,陽火陽火,壬午,陽水陽火,壬戌,陽水陽土,一白,水,四綠,木,八白,土
2026-06-18,,丙午,陽火陽火,壬午,陽水陽火,癸亥,陰水陰水,一白,水,四綠,木,九紫,火
2026-06-19,,丙午,陽火陽火,壬午,陽水陽火,甲子,陽木陽水,一白,水,四綠,木,一白,水
2026-06-20,,丙午,陽火陽火,壬午,陽水陽火,乙丑,陰木陰土,一白,水,四綠,木,二黑,土
2026-06-21,,丙午,陽火陽火,壬午,陽水陽火,丙寅,陽火陽木,一白,水,四綠,木,三碧,木
2026-06-22,夏至,丙午,陽火陽火,壬午,陽水陽火,丁卯,陰火陰木,一白,水,四綠,木,六白,金
2026-06-23,,丙午,陽火陽火,壬午,陽水陽火,戊辰,陽土陽土,一白,水,四綠,木,五黃,土
2026-06-24,,丙午,陽火陽火,壬午,陽水陽火,己巳,陰土陰火,一白,水,四綠,木,四綠,木
2026-06-25,,丙午,陽火陽火,壬午,陽水陽火,庚午,陽金陽火,一白,水,四綠,木,三碧,木
2026-06-26,,丙午,陽火陽火,壬午,陽水陽火,辛未,陰金陰土,一白,水,四綠,木,二黑,土
2026-06-27,,丙午,陽火陽火,壬午,陽水陽火,壬申,陽水陽金,一白,水,四綠,木,一白,水
2026-06-28,,丙午,陽火陽火,壬午,陽水陽火,癸酉,陰水陰金,一白,水,四綠,木,九紫,火
2026-06-29,,丙午,陽火陽火,壬午,陽水陽火,甲戌,陽木陽土,一白,水,四綠,木,八白,土
2026-06-30,,丙午,陽火陽火,壬午,陽水陽火,乙亥,陰木陰水,一白,水,四綠,木,七赤,金
2026-07-01,,丙午,陽火陽火,壬午,陽水陽火,丙子,陽火陽水,一白,水,四綠,木,六白,金
2026-07-02,,丙午,陽火陽火,壬午,陽水陽火,丁丑,陰火陰土,一白,水,四綠,木,五黃,土
2026-07-03,,丙午,陽火陽火,壬午,陽水陽火,戊寅,陽土陽木,一白,水,四綠,木,四綠,木
2026-07-04,,丙午,陽火陽火,壬午,陽水陽火,己卯,陰土陰木,一白,水,四綠,木,三碧,木
2026-07-05,,丙午,陽火陽火,壬午,陽水陽火,庚辰,陽金陽土,一白,水,四綠,木,二黑,土
2026-07-06,,丙午,陽火陽火,壬午,陽水陽火,辛巳,陰金陰火,一白,水,四綠,木,一白,水
2026-07-07,,丙午,陽火陽火,壬午,陽水陽火,壬午,陽水陽火,一白,水,四綠,木,九紫,火
2026-07-08,小暑,丙午,陽火陽火,癸未,陰水陰土,癸未,陰水陰土,一白,水,三碧,木,八白,土
2026-07-09,,丙午,陽火陽火,癸未,陰水陰土,甲申,陽木陽金,一白,水,三碧,木,七赤,金
2026-07-10,,丙午,陽火陽火,癸未,陰水陰土,乙酉,陰木陰金,一白,水,三碧,木,六白,金
2026-07-11,,丙午,陽火陽火,癸未,陰水陰土,丙戌,陽火陽土,一白,水,三碧,木,五黃,土
2026-07-12,,丙午,陽火陽火,癸未,陰水陰土,丁亥,陰火陰水,一白,水,三碧,木,四綠,木
2026-07-13,,丙午,陽火陽火,癸未,陰水陰土,戊子,陽土陽水,一白,水,三碧,木,三碧,木
2026-07-14,,丙午,陽火陽火,癸未,陰水陰土,己丑,陰土陰土,一白,水,三碧,木,二黑,土
2026-07-15,,丙午,陽火陽火,癸未,陰水陰土,庚寅,陽金陽木,一白,水,三碧,木,一白,水
2026-07-16,,丙午,陽火陽火,癸未,陰水陰土,辛卯,陰金陰木,一白,水,三碧,木,九紫,火
2026-07-17,,丙午,陽火陽火,癸未,陰水陰土,壬辰,陽水陽土,一白,水,三碧,木,八白,土
2026-07-18,,丙午,陽火陽火,癸未,陰水陰土,癸巳,陰水陰火,一白,水,三碧,木,七赤,金
2026-07-19,,丙午,陽火陽火,癸未,陰水陰土,甲午,陽木陽火,一白,水,三碧,木,六白,金
2026-07-20,,丙午,陽火陽火,癸未,陰水陰土,乙未,陰木陰土,一白,水,三碧,木,五黃,土
2026-07-21,,丙午,陽火陽火,癸未,陰水陰土,丙申,陽火陽金,一白,水,三碧,木,四綠,木
2026-07-22,,丙午,陽火陽火,癸未,陰水陰土,丁酉,陰火陰金,一白,水,三碧,木,三碧,木
2026-07-23,,丙午,陽火陽火,癸未,陰水陰土,戊戌,陽土陽土,一白,水,三碧,木,二黑,土
2026-07-24,大暑,丙午,陽火陽火,癸未,陰水陰土,己亥,陰土陰水,一白,水,三碧,木,一白,水
2026-07-25,,丙午,陽火陽火,癸未,陰水陰土,庚子,陽金陽水,一白,水,三碧,木,九紫,火
2026-07-26,,丙午,陽火陽火,癸未,陰水陰土,辛丑,陰金陰土,一白,水,三碧,木,八白,土
2026-07-27,,丙午,陽火陽火,癸未,陰水陰土,壬寅,陽水陽木,一白,水,三碧,木,七赤,金
2026-07-28,,丙午,陽火陽火,癸未,陰水陰土,癸卯,陰水陰木,一白,水,三碧,木,六白,金
2026-07-29,,丙午,陽火陽火,癸未,陰水陰土,甲辰,陽木陽土,一白,水,三碧,木,五黃,土
2026-07-30,,丙午,陽火陽火,癸未,陰水陰土,乙巳,陰木陰火,一白,水,三碧,木,四綠,木
2026-07-31,,丙午,陽火陽火,癸未,陰水陰土,丙午,陽火陽火,一白,水,三碧,木,三碧,木
2026-08-01,,丙午,陽火陽火,癸未,陰水陰土,丁未,陰火陰土,一白,水,三碧,木,二黑,土
2026-08-02,,丙午,陽火陽火,癸未,陰水陰土,戊申,陽土陽金,一白,水,三碧,木,一白,水
2026-08-03,,丙午,陽火陽火,癸未,陰水陰土,己酉,陰土陰金,一白,水,三碧,木,九紫,火
2026-08-04,,丙午,陽火陽火,癸未,陰水陰土,庚戌,陽金陽土,一白,水,三碧,木,八白,土
2026-08-05,,丙午,陽火陽火,癸未,陰水陰土,辛亥,陰金陰水,一白,水,三碧,木,七赤,金
2026-08-06,,丙午,陽火陽火,癸未,陰水陰土,壬子,陽水陽水,一白,水,三碧,木,六白,金
2026-08-07,,丙午,陽火陽火,癸未,陰水陰土,癸丑,陰水陰土,一白,水,三碧,木,五黃,土
2026-08-08,立秋,丙午,陽火陽火,甲申,陽木陽金,甲寅,陽木陽木,一白,水,二黑,土,四綠,木
2026-08-09,,丙午,陽火陽火,甲申,陽木陽金,乙卯,陰木陰木,一白,水,二黑,土,三碧,木
2026-08-10,,丙午,陽火陽火,甲申,陽木陽金,丙辰,陽火陽土,一白,水,二黑,土,二黑,土
2026-08-11,,丙午,陽火陽火,甲申,陽木陽金,丁巳,陰火陰火,一白,水,二黑,土,一白,水
2026-08-12,,丙午,陽火陽火,甲申,陽木陽金,戊午,陽土陽火,一白,水,二黑,土,九紫,火
2026-08-13,,丙午,陽火陽火,甲申,陽木陽金,己未,陰土陰土,一白,水,二黑,土,八白,土
2026-08-14,,丙午,陽火陽火,甲申,陽木陽金,庚申,陽金陽金,一白,水,二黑,土,七赤,金
2026-08-15,,丙午,陽火陽火,甲申,陽木陽金,辛酉,陰金陰金,一白,水,二黑,土,六白,金
2026-08-16,,丙午,陽火陽火,甲申,陽木陽金,壬戌,陽水陽土,一白,水,二黑,土,五黃,土
2026-08-17,,丙午,陽火陽火,甲申,陽木陽金,癸亥,陰水陰水,一白,水,二黑,土,四綠,木
2026-08-18,,丙午,陽火陽火,甲申,陽木陽金,甲子,陽木陽水,一白,水,二黑,土,三碧,木
2026-08-19,,丙午,陽火陽火,甲申,陽木陽金,乙丑,陰木陰土,一白,水,二黑,土,二黑,土
2026-08-20,,丙午,陽火陽火,甲申,陽木陽金,丙寅,陽火陽木,一白,水,二黑,土,一白,水
2026-08-21,,丙午,陽火陽火,甲申,陽木陽金,丁卯,陰火陰木,一白,水,二黑,土,九紫,火
2026-08-22,,丙午,陽火陽火,甲申,陽木陽金,戊辰,陽土陽土,一白,水,二黑,土,八白,土
2026-08-23,,丙午,陽火陽火,甲申,陽木陽金,己巳,陰土陰火,一白,水,二黑,土,七赤,金
